order_id,program,supplier,category,order_date,promised_date,actual_date,unit_cost,quantity,days_late,on_time,at_risk,supplier_trending_late,total_cost
ORD-1000,Program-D,Orbital Systems,Structural,2024-04-12,2024-06-11,2024-06-10,544.88,10,-1,True,False,False,5448.8
ORD-1001,Program-E,Vantage Precision,Structural,2024-01-26,2024-03-26,2024-04-21,4695.84,5,26,False,True,False,23479.2
ORD-1002,Program-D,Orbital Systems,Avionics,2024-01-02,2024-03-02,2024-02-28,2647.63,5,-3,True,False,False,13238.150000000001
ORD-1003,Program-D,Vantage Precision,Electrical,2023-10-01,2023-10-31,2023-10-31,2982.45,10,0,True,False,False,29824.5
ORD-1004,Program-E,Delta Avionics,Avionics,2023-09-28,2023-10-19,2023-11-30,2838.28,5,42,False,True,False,14191.400000000001
ORD-1005,Program-A,Northfield Machining,Structural,2024-02-15,2024-03-31,2024-04-01,4174.31,10,1,False,False,False,41743.100000000006
ORD-1006,Program-F,Aerostar Components,Structural,2024-02-02,2024-02-23,2024-02-25,2756.22,100,2,False,False,True,275622.0
ORD-1007,Program-E,Northfield Machining,Avionics,2024-07-17,2024-08-31,2024-09-02,1020.12,1,2,False,False,False,1020.12
ORD-1008,Program-F,Orbital Systems,Electrical,2023-06-12,2023-08-11,2023-08-08,1440.63,25,-3,True,False,False,36015.75
ORD-1009,Program-E,Aerostar Components,Structural,2023-04-10,2023-04-24,2023-06-01,2004.66,10,38,False,True,True,20046.600000000002
ORD-1010,Program-C,Aerostar Components,Avionics,2024-04-19,2024-05-19,2024-05-17,623.55,1,-2,True,False,True,623.55
ORD-1011,Program-D,Northfield Machining,Structural,2023-08-11,2023-10-10,2023-10-20,1409.87,10,10,False,False,False,14098.699999999999
ORD-1012,Program-A,Delta Avionics,Structural,2024-03-03,2024-03-17,2024-03-26,3866.29,10,9,False,False,False,38662.9
ORD-1013,Program-A,Northfield Machining,Structural,2023-03-06,2023-03-20,2023-03-20,4542.45,50,0,True,False,False,227122.5
ORD-1014,Program-C,Orbital Systems,Structural,2023-02-16,2023-03-18,2023-04-01,4652.0,50,14,False,True,False,232600.0
ORD-1015,Program-F,Aerostar Components,Structural,2023-10-01,2023-11-15,2023-11-17,4422.24,5,2,False,False,True,22111.199999999997
ORD-1016,Program-D,Aerostar Components,Electrical,2023-03-08,2023-03-22,2023-03-19,4099.17,1,-3,True,False,True,4099.17
ORD-1017,Program-C,Delta Avionics,Electrical,2023-09-08,2023-11-07,2023-11-19,1721.2,10,12,False,True,False,17212.0
ORD-1018,Program-F,Aerostar Components,Electrical,2023-02-08,2023-03-01,2023-04-14,3496.71,10,44,False,True,True,34967.1
ORD-1019,Program-A,Orbital Systems,Structural,2023-01-23,2023-02-06,2023-03-20,304.82,50,42,False,True,False,15241.0
ORD-1020,Program-A,Aerostar Components,Structural,2023-03-28,2023-05-12,2023-05-14,1248.17,25,2,False,False,True,31204.25
ORD-1021,Program-C,Delta Avionics,Structural,2024-04-26,2024-06-25,2024-06-27,2024.18,1,2,False,False,False,2024.18
ORD-1022,Program-A,Vantage Precision,Electrical,2024-02-22,2024-03-23,2024-03-22,1140.19,5,-1,True,False,False,5700.950000000001
ORD-1023,Program-C,Delta Avionics,Electrical,2023-02-27,2023-03-13,2023-03-22,4686.81,1,9,False,False,False,4686.81
ORD-1024,Program-C,Vantage Precision,Avionics,2023-05-06,2023-05-27,2023-05-27,916.03,1,0,True,False,False,916.03
ORD-1025,Program-D,Vantage Precision,Structural,2024-08-20,2024-10-04,2024-10-03,984.1,1,-1,True,False,False,984.1
ORD-1026,Program-C,Delta Avionics,Avionics,2024-06-22,2024-07-06,2024-07-05,4681.39,25,-1,True,False,False,117034.75000000001
ORD-1027,Program-F,Vantage Precision,Avionics,2023-08-12,2023-08-26,2023-08-30,846.0,5,4,False,False,False,4230.0
ORD-1028,Program-B,Delta Avionics,Electrical,2024-08-19,2024-10-03,2024-10-06,2494.77,25,3,False,False,False,62369.25
ORD-1029,Program-C,Aerostar Components,Electrical,2023-11-22,2023-12-22,2023-12-24,1257.75,100,2,False,False,True,125775.0
ORD-1030,Program-F,Orbital Systems,Electrical,2024-06-27,2024-07-27,2024-07-30,2905.67,1,3,False,False,False,2905.67
ORD-1031,Program-E,Vantage Precision,Avionics,2023-06-18,2023-07-18,2023-07-21,4973.03,100,3,False,False,False,497303.0
ORD-1032,Program-E,Delta Avionics,Fasteners,2023-08-11,2023-08-25,2023-10-07,2169.51,50,43,False,True,False,108475.50000000001
ORD-1033,Program-C,Vantage Precision,Fasteners,2023-06-26,2023-08-25,2023-08-22,1618.76,5,-3,True,False,False,8093.8
ORD-1034,Program-A,Northfield Machining,Fasteners,2024-02-22,2024-03-14,2024-03-16,1825.3,10,2,False,False,False,18253.0
ORD-1035,Program-B,Northfield Machining,Electrical,2024-05-24,2024-06-07,2024-06-16,1503.28,5,9,False,False,False,7516.4
ORD-1036,Program-C,Northfield Machining,Fasteners,2024-07-01,2024-07-22,2024-07-22,4001.56,1,0,True,False,False,4001.56
ORD-1037,Program-F,Delta Avionics,Fasteners,2023-07-22,2023-09-05,2023-09-07,1674.36,5,2,False,False,False,8371.8
ORD-1038,Program-F,Orbital Systems,Fasteners,2024-05-31,2024-06-14,2024-06-16,1551.16,10,2,False,False,False,15511.6
ORD-1039,Program-D,Orbital Systems,Electrical,2024-04-06,2024-05-21,2024-06-11,472.47,50,21,False,True,False,23623.5
ORD-1040,Program-D,Delta Avionics,Electrical,2024-01-18,2024-03-03,2024-03-01,2605.69,100,-2,True,False,False,260569.0
ORD-1041,Program-C,Aerostar Components,Electrical,2023-09-18,2023-10-09,2023-10-10,962.45,100,1,False,False,True,96245.0
ORD-1042,Program-A,Vantage Precision,Electrical,2023-04-14,2023-04-28,2023-04-30,514.67,1,2,False,False,False,514.67
ORD-1043,Program-E,Orbital Systems,Avionics,2023-11-07,2024-01-06,2024-01-05,1276.27,10,-1,True,False,False,12762.7
ORD-1044,Program-E,Delta Avionics,Structural,2023-03-11,2023-05-10,2023-05-12,4284.53,25,2,False,False,False,107113.25
ORD-1045,Program-E,Vantage Precision,Structural,2024-04-03,2024-06-02,2024-05-30,2350.14,50,-3,True,False,False,117507.0
ORD-1046,Program-B,Northfield Machining,Fasteners,2024-06-16,2024-07-31,2024-07-29,4670.51,1,-2,True,False,False,4670.51
ORD-1047,Program-E,Orbital Systems,Structural,2023-02-12,2023-03-05,2023-03-04,4014.7,25,-1,True,False,False,100367.5
ORD-1048,Program-B,Delta Avionics,Avionics,2023-10-02,2023-11-01,2023-11-15,1961.21,1,14,False,True,False,1961.21
ORD-1049,Program-B,Delta Avionics,Structural,2023-02-11,2023-03-04,2023-03-02,3430.88,1,-2,True,False,False,3430.88
ORD-1050,Program-B,Orbital Systems,Fasteners,2023-01-14,2023-02-04,2023-02-04,3479.81,5,0,True,False,False,17399.05
ORD-1051,Program-E,Delta Avionics,Fasteners,2024-03-17,2024-05-16,2024-06-03,928.33,1,18,False,True,False,928.33
ORD-1052,Program-C,Aerostar Components,Avionics,2023-03-18,2023-04-01,2023-04-11,4342.23,50,10,False,False,True,217111.49999999997
ORD-1053,Program-D,Aerostar Components,Avionics,2024-03-19,2024-04-18,2024-04-15,2694.92,25,-3,True,False,True,67373.0
ORD-1054,Program-A,Delta Avionics,Structural,2023-03-01,2023-04-15,2023-04-12,4243.36,1,-3,True,False,False,4243.36
ORD-1055,Program-D,Delta Avionics,Avionics,2023-10-17,2023-11-07,2023-11-08,503.94,25,1,False,False,False,12598.5
ORD-1056,Program-A,Vantage Precision,Avionics,2024-03-27,2024-04-10,2024-04-11,2497.38,100,1,False,False,False,249738.0
ORD-1057,Program-B,Orbital Systems,Avionics,2023-11-24,2023-12-24,2023-12-24,3455.75,5,0,True,False,False,17278.75
ORD-1058,Program-D,Aerostar Components,Structural,2023-02-20,2023-04-21,2023-04-18,4118.21,5,-3,True,False,True,20591.05
ORD-1059,Program-B,Orbital Systems,Electrical,2023-05-20,2023-07-19,2023-07-19,1221.59,1,0,True,False,False,1221.59
ORD-1060,Program-E,Vantage Precision,Electrical,2024-02-29,2024-03-30,2024-04-07,3540.17,5,8,False,False,False,17700.85
ORD-1061,Program-B,Delta Avionics,Structural,2023-10-23,2023-12-22,2023-12-24,328.7,25,2,False,False,False,8217.5
ORD-1062,Program-E,Aerostar Components,Avionics,2024-02-13,2024-03-29,2024-05-10,1464.27,1,42,False,True,True,1464.27
ORD-1063,Program-F,Orbital Systems,Uncategorized,2023-01-08,2023-03-09,2023-03-10,264.83,50,1,False,False,False,13241.5
ORD-1064,Program-C,Vantage Precision,Structural,2023-11-29,2024-01-13,2024-01-10,1123.21,1,-3,True,False,False,1123.21
ORD-1065,Program-E,Delta Avionics,Avionics,2024-06-24,2024-07-08,2024-08-01,4754.54,100,24,False,True,False,475454.0
ORD-1066,Program-D,Vantage Precision,Electrical,2023-04-12,2023-05-27,2023-05-25,1185.5,25,-2,True,False,False,29637.5
ORD-1067,Program-D,Orbital Systems,Uncategorized,2024-08-14,2024-08-28,2024-08-29,4078.29,25,1,False,False,False,101957.25
ORD-1068,Program-E,Orbital Systems,Fasteners,2024-05-08,2024-05-29,2024-05-30,3086.41,5,1,False,False,False,15432.05
ORD-1069,Program-B,Delta Avionics,Fasteners,2023-01-28,2023-02-11,2023-02-15,4937.02,1,4,False,False,False,4937.02
ORD-1070,Program-C,Orbital Systems,Avionics,2023-08-24,2023-09-23,2023-09-26,2370.03,10,3,False,False,False,23700.300000000003
ORD-1071,Program-A,Orbital Systems,Structural,2024-06-02,2024-06-16,2024-06-17,4983.35,50,1,False,False,False,249167.50000000003
ORD-1072,Program-E,Orbital Systems,Fasteners,2024-05-24,2024-06-07,2024-06-04,689.34,10,-3,True,False,False,6893.400000000001
ORD-1073,Program-E,Orbital Systems,Structural,2024-06-10,2024-07-01,2024-06-29,2515.92,100,-2,True,False,False,251592.0
ORD-1074,Program-F,Delta Avionics,Electrical,2024-05-26,2024-07-10,2024-07-12,3969.5,1,2,False,False,False,3969.5
ORD-1075,Program-E,Orbital Systems,Avionics,2024-04-28,2024-06-12,2024-07-14,2970.09,100,32,False,True,False,297009.0
ORD-1076,Program-C,Delta Avionics,Fasteners,2023-07-28,2023-08-11,2023-08-25,1524.9,5,14,False,True,False,7624.5
ORD-1077,Program-C,Aerostar Components,Fasteners,2023-03-30,2023-04-13,2023-04-13,377.87,50,0,True,False,True,18893.5
ORD-1078,Program-B,Delta Avionics,Electrical,2023-07-17,2023-08-16,2023-08-15,425.52,1,-1,True,False,False,425.52
ORD-1079,Program-C,Delta Avionics,Avionics,2023-04-19,2023-06-03,2023-06-02,4377.87,10,-1,True,False,False,43778.7
ORD-1080,Program-E,Northfield Machining,Avionics,2023-05-15,2023-07-14,2023-07-14,1770.72,100,0,True,False,False,177072.0
ORD-1081,Program-E,Delta Avionics,Structural,2023-10-04,2023-10-25,2023-10-28,2541.92,50,3,False,False,False,127096.0
ORD-1082,Program-C,Aerostar Components,Structural,2023-10-16,2023-11-15,2023-12-28,62.85,25,43,False,True,True,1571.25
ORD-1083,Program-A,Aerostar Components,Avionics,2024-08-14,2024-09-04,2024-09-14,3616.55,5,10,False,False,True,18082.75
ORD-1084,Program-F,Delta Avionics,Structural,2024-03-04,2024-04-03,2024-04-04,4342.71,100,1,False,False,False,434271.0
ORD-1085,Program-C,Delta Avionics,Structural,2023-06-11,2023-08-10,2023-08-07,4211.51,100,-3,True,False,False,421151.0
ORD-1086,Program-B,Delta Avionics,Structural,2024-06-18,2024-08-02,2024-07-31,3956.4,50,-2,True,False,False,197820.0
ORD-1087,Program-B,Vantage Precision,Electrical,2023-12-19,2024-01-02,2023-12-31,1454.69,100,-2,True,False,False,145469.0
ORD-1088,Program-D,Northfield Machining,Avionics,2023-05-27,2023-06-26,2023-07-15,4671.77,50,19,False,True,False,233588.50000000003
ORD-1089,Program-F,Orbital Systems,Structural,2023-05-28,2023-07-12,2023-07-22,4488.99,10,10,False,False,False,44889.899999999994
ORD-1090,Program-C,Orbital Systems,Uncategorized,2023-03-09,2023-03-30,2023-03-29,4334.26,100,-1,True,False,False,433426.0
ORD-1091,Program-F,Aerostar Components,Electrical,2024-03-09,2024-03-23,2024-04-05,2879.48,10,13,False,True,True,28794.8
ORD-1092,Program-E,Vantage Precision,Structural,2024-08-03,2024-09-17,2024-09-14,3694.42,25,-3,True,False,False,92360.5
ORD-1093,Program-A,Northfield Machining,Avionics,2023-02-22,2023-03-24,2023-04-20,2686.32,1,27,False,True,False,2686.32
ORD-1094,Program-F,Northfield Machining,Electrical,2023-11-26,2023-12-17,2024-01-13,3438.63,25,27,False,True,False,85965.75
ORD-1095,Program-A,Orbital Systems,Structural,2023-03-12,2023-04-11,2023-04-08,4261.1,25,-3,True,False,False,106527.50000000001
ORD-1096,Program-D,Northfield Machining,Structural,2024-03-14,2024-03-28,2024-03-27,2783.92,100,-1,True,False,False,278392.0
ORD-1097,Program-D,Orbital Systems,Structural,2024-04-22,2024-06-06,2024-06-07,972.7,10,1,False,False,False,9727.0
ORD-1098,Program-C,Delta Avionics,Electrical,2023-08-04,2023-10-03,2023-10-01,4092.17,100,-2,True,False,False,409217.0
ORD-1099,Program-C,Orbital Systems,Electrical,2024-03-24,2024-04-07,2024-04-04,1987.84,5,-3,True,False,False,9939.199999999999
ORD-1100,Program-F,Orbital Systems,Fasteners,2024-01-10,2024-02-09,2024-02-08,3157.15,5,-1,True,False,False,15785.75
ORD-1101,Program-D,Orbital Systems,Electrical,2024-03-20,2024-04-19,2024-04-27,3774.4,50,8,False,False,False,188720.0
ORD-1102,Program-E,Delta Avionics,Avionics,2023-01-21,2023-02-11,2023-02-24,3785.44,100,13,False,True,False,378544.0
ORD-1103,Program-F,Orbital Systems,Structural,2024-05-22,2024-07-06,2024-07-07,2722.31,50,1,False,False,False,136115.5
ORD-1104,Program-D,Vantage Precision,Avionics,2023-01-08,2023-02-07,2023-02-13,3595.09,10,6,False,False,False,35950.9
ORD-1105,Program-E,Vantage Precision,Structural,2024-06-29,2024-07-20,2024-08-15,4563.67,100,26,False,True,False,456367.0
ORD-1106,Program-B,Aerostar Components,Structural,2024-03-11,2024-04-10,2024-04-28,4597.82,50,18,False,True,True,229891.0
ORD-1107,Program-E,Northfield Machining,Avionics,2023-08-13,2023-08-27,2023-08-28,566.02,1,1,False,False,False,566.02
ORD-1108,Program-F,Delta Avionics,Electrical,2023-03-09,2023-05-08,2023-05-08,667.08,1,0,True,False,False,667.08
ORD-1109,Program-A,Delta Avionics,Electrical,2023-12-21,2024-02-19,2024-02-20,1709.23,25,1,False,False,False,42730.75
ORD-1110,Program-A,Orbital Systems,Avionics,2023-03-10,2023-04-24,2023-04-23,4618.65,5,-1,True,False,False,23093.25
ORD-1111,Program-C,Northfield Machining,Fasteners,2023-12-19,2024-01-18,2024-01-17,1278.72,1,-1,True,False,False,1278.72
ORD-1112,Program-D,Delta Avionics,Structural,2023-07-06,2023-09-04,2023-09-06,1139.48,5,2,False,False,False,5697.4
ORD-1113,Program-E,Aerostar Components,Structural,2024-07-30,2024-08-13,2024-08-15,2783.92,50,2,False,False,True,139196.0
ORD-1114,Program-A,Aerostar Components,Electrical,2023-08-27,2023-09-26,2023-09-25,1779.47,100,-1,True,False,True,177947.0
ORD-1115,Program-E,Aerostar Components,Structural,2023-10-11,2023-11-10,2023-11-12,3584.59,5,2,False,False,True,17922.95
ORD-1116,Program-B,Delta Avionics,Electrical,2023-08-29,2023-09-28,2023-09-25,1705.1,10,-3,True,False,False,17051.0
ORD-1117,Program-B,Northfield Machining,Fasteners,2023-11-12,2023-11-26,2023-11-26,4206.95,50,0,True,False,False,210347.5
ORD-1118,Program-A,Aerostar Components,Structural,2023-05-19,2023-06-18,2023-06-20,1729.39,50,2,False,False,True,86469.5
ORD-1119,Program-C,Delta Avionics,Avionics,2023-05-23,2023-06-13,2023-06-23,3625.22,100,10,False,False,False,362522.0
ORD-1120,Program-C,Vantage Precision,Fasteners,2023-03-26,2023-04-16,2023-04-13,1079.04,10,-3,True,False,False,10790.4
ORD-1121,Program-E,Delta Avionics,Avionics,2023-09-10,2023-10-01,2023-10-20,1742.0,5,19,False,True,False,8710.0
ORD-1122,Program-B,Delta Avionics,Avionics,2023-06-10,2023-08-09,2023-08-11,1845.65,50,2,False,False,False,92282.5
ORD-1123,Program-D,Delta Avionics,Fasteners,2024-04-03,2024-04-17,2024-04-27,4927.57,1,10,False,False,False,4927.57
ORD-1124,Program-B,Delta Avionics,Electrical,2024-03-21,2024-04-11,2024-04-08,739.81,10,-3,True,False,False,7398.099999999999
ORD-1125,Program-F,Vantage Precision,Structural,2024-06-24,2024-07-15,2024-07-14,4121.79,50,-1,True,False,False,206089.5
ORD-1126,Program-B,Vantage Precision,Electrical,2023-02-10,2023-04-11,2023-04-23,3615.0,50,12,False,True,False,180750.0
ORD-1127,Program-B,Delta Avionics,Structural,2024-06-24,2024-07-24,2024-07-24,3183.84,50,0,True,False,False,159192.0
ORD-1128,Program-B,Orbital Systems,Fasteners,2023-08-31,2023-09-21,2023-09-19,873.1,10,-2,True,False,False,8731.0
ORD-1129,Program-A,Delta Avionics,Structural,2024-04-07,2024-06-06,2024-06-05,1810.58,1,-1,True,False,False,1810.58
ORD-1130,Program-C,Delta Avionics,Fasteners,2023-08-26,2023-10-25,2023-10-23,204.36,25,-2,True,False,False,5109.0
ORD-1131,Program-C,Delta Avionics,Fasteners,2024-05-22,2024-06-21,2024-06-19,3135.5,5,-2,True,False,False,15677.5
ORD-1132,Program-E,Aerostar Components,Structural,2024-03-12,2024-03-26,2024-04-05,2202.4,10,10,False,False,True,22024.0
ORD-1133,Program-C,Northfield Machining,Avionics,2024-02-21,2024-03-13,2024-03-14,2620.45,10,1,False,False,False,26204.5
ORD-1134,Program-A,Orbital Systems,Avionics,2024-02-19,2024-03-04,2024-03-06,4792.95,10,2,False,False,False,47929.5
ORD-1135,Program-E,Aerostar Components,Avionics,2024-02-20,2024-03-05,2024-03-31,1144.99,5,26,False,True,True,5724.95
ORD-1136,Program-A,Orbital Systems,Avionics,2023-01-27,2023-02-10,2023-02-11,2392.39,100,1,False,False,False,239239.0
ORD-1137,Program-E,Aerostar Components,Structural,2023-03-11,2023-04-10,2023-05-12,3738.07,25,32,False,True,True,93451.75
ORD-1138,Program-C,Northfield Machining,Electrical,2024-01-22,2024-02-21,2024-02-22,430.92,50,1,False,False,False,21546.0
ORD-1139,Program-C,Northfield Machining,Avionics,2023-02-09,2023-02-23,2023-02-25,1627.82,5,2,False,False,False,8139.099999999999
ORD-1140,Program-A,Orbital Systems,Avionics,2023-05-20,2023-06-19,2023-07-02,4379.77,50,13,False,True,False,218988.50000000003
ORD-1141,Program-B,Delta Avionics,Structural,2023-01-06,2023-03-07,2023-03-14,2424.92,25,7,False,False,False,60623.0
ORD-1142,Program-A,Northfield Machining,Structural,2023-07-21,2023-09-04,2023-09-07,596.85,100,3,False,False,False,59685.0
ORD-1143,Program-F,Northfield Machining,Structural,2023-05-21,2023-06-04,2023-06-05,4939.23,1,1,False,False,False,4939.23
ORD-1144,Program-A,Aerostar Components,Avionics,2023-05-11,2023-06-01,2023-06-08,492.58,100,7,False,False,True,49258.0
ORD-1145,Program-F,Delta Avionics,Fasteners,2024-08-16,2024-09-30,2024-09-30,4197.24,100,0,True,False,False,419724.0
ORD-1146,Program-E,Delta Avionics,Electrical,2023-05-19,2023-06-09,2023-06-06,972.87,10,-3,True,False,False,9728.7
ORD-1147,Program-F,Orbital Systems,Structural,2024-08-04,2024-08-18,2024-08-18,4974.79,50,0,True,False,False,248739.5
ORD-1148,Program-C,Northfield Machining,Electrical,2023-10-22,2023-11-05,2023-11-04,1160.98,50,-1,True,False,False,58049.0
ORD-1149,Program-A,Aerostar Components,Fasteners,2024-05-31,2024-06-30,2024-07-05,1401.15,50,5,False,False,True,70057.5
ORD-1150,Program-A,Delta Avionics,Uncategorized,2024-06-01,2024-06-15,2024-06-12,2776.74,10,-3,True,False,False,27767.399999999998
ORD-1151,Program-B,Vantage Precision,Electrical,2023-06-05,2023-08-04,2023-08-02,451.18,25,-2,True,False,False,11279.5
ORD-1152,Program-E,Vantage Precision,Structural,2024-05-25,2024-07-24,2024-07-25,4537.24,10,1,False,False,False,45372.399999999994
ORD-1153,Program-B,Delta Avionics,Fasteners,2024-03-16,2024-04-15,2024-04-29,4260.38,10,14,False,True,False,42603.8
ORD-1154,Program-A,Orbital Systems,Fasteners,2024-02-23,2024-03-15,2024-03-14,3775.95,50,-1,True,False,False,188797.5
ORD-1155,Program-C,Orbital Systems,Fasteners,2023-01-18,2023-02-08,2023-02-07,1181.69,5,-1,True,False,False,5908.450000000001
ORD-1156,Program-D,Northfield Machining,Fasteners,2023-11-01,2023-11-22,2023-11-24,2534.58,1,2,False,False,False,2534.58
ORD-1157,Program-A,Northfield Machining,Avionics,2023-11-20,2023-12-20,2023-12-19,3817.09,5,-1,True,False,False,19085.45
ORD-1158,Program-A,Northfield Machining,Electrical,2024-01-15,2024-03-15,2024-03-15,910.08,25,0,True,False,False,22752.0
ORD-1159,Program-B,Vantage Precision,Electrical,2024-02-29,2024-03-14,2024-03-11,336.71,10,-3,True,False,False,3367.1
ORD-1160,Program-B,Northfield Machining,Uncategorized,2024-02-10,2024-03-26,2024-03-31,2992.26,25,5,False,False,False,74806.5
ORD-1161,Program-E,Delta Avionics,Fasteners,2023-08-12,2023-09-11,2023-09-09,836.74,5,-2,True,False,False,4183.7
ORD-1162,Program-E,Vantage Precision,Electrical,2023-09-28,2023-11-27,2023-12-03,4207.74,100,6,False,False,False,420774.0
ORD-1163,Program-D,Delta Avionics,Structural,2024-06-04,2024-07-19,2024-07-20,4720.9,50,1,False,False,False,236044.99999999997
ORD-1164,Program-C,Vantage Precision,Electrical,2023-06-14,2023-07-14,2023-07-12,4475.79,5,-2,True,False,False,22378.95
ORD-1165,Program-E,Delta Avionics,Structural,2024-01-27,2024-03-12,2024-03-12,2392.39,25,0,True,False,False,59809.75
ORD-1166,Program-F,Aerostar Components,Fasteners,2024-04-10,2024-05-10,2024-05-16,138.42,50,6,False,False,True,6920.999999999999
ORD-1167,Program-D,Orbital Systems,Fasteners,2024-08-03,2024-09-17,2024-09-28,56.1,1,11,False,True,False,56.1
ORD-1168,Program-F,Vantage Precision,Structural,2023-12-02,2023-12-16,2023-12-18,2930.76,50,2,False,False,False,146538.0
ORD-1169,Program-B,Delta Avionics,Uncategorized,2023-03-31,2023-05-30,2023-05-28,2425.7,100,-2,True,False,False,242569.99999999997
ORD-1170,Program-C,Orbital Systems,Avionics,2024-07-25,2024-08-08,2024-08-10,3758.35,1,2,False,False,False,3758.35
ORD-1171,Program-A,Vantage Precision,Uncategorized,2023-03-27,2023-05-11,2023-05-23,3890.23,5,12,False,True,False,19451.15
ORD-1172,Program-D,Aerostar Components,Electrical,2023-02-22,2023-04-23,2023-04-24,438.96,100,1,False,False,True,43896.0
ORD-1173,Program-B,Delta Avionics,Avionics,2024-02-18,2024-03-10,2024-03-22,879.04,1,12,False,True,False,879.04
ORD-1174,Program-C,Orbital Systems,Avionics,2023-01-19,2023-02-02,2023-01-30,3559.85,5,-3,True,False,False,17799.25
ORD-1175,Program-D,Delta Avionics,Avionics,2024-01-03,2024-02-02,2024-02-08,3007.51,100,6,False,False,False,300751.0
ORD-1176,Program-B,Delta Avionics,Structural,2023-04-09,2023-05-09,2023-05-23,2783.92,50,14,False,True,False,139196.0
ORD-1177,Program-A,Orbital Systems,Avionics,2023-07-17,2023-08-31,2023-09-09,2196.59,10,9,False,False,False,21965.9
ORD-1178,Program-D,Northfield Machining,Structural,2024-01-27,2024-03-27,2024-04-19,2491.72,25,23,False,True,False,62292.99999999999
ORD-1179,Program-B,Delta Avionics,Avionics,2023-02-13,2023-02-27,2023-03-02,4347.95,5,3,False,False,False,21739.75
ORD-1180,Program-E,Vantage Precision,Avionics,2024-03-17,2024-05-01,2024-04-29,4341.81,1,-2,True,False,False,4341.81
ORD-1181,Program-D,Northfield Machining,Avionics,2023-10-20,2023-11-10,2023-11-10,2137.52,5,0,True,False,False,10687.6
ORD-1182,Program-C,Delta Avionics,Structural,2023-08-04,2023-09-03,2023-09-04,3678.91,10,1,False,False,False,36789.1
ORD-1183,Program-B,Vantage Precision,Fasteners,2023-04-18,2023-06-02,2023-05-31,945.84,50,-2,True,False,False,47292.0
ORD-1184,Program-F,Orbital Systems,Electrical,2023-02-28,2023-04-29,2023-04-26,3329.98,100,-3,True,False,False,332998.0
ORD-1185,Program-A,Delta Avionics,Electrical,2023-08-28,2023-09-27,2023-09-30,3878.69,25,3,False,False,False,96967.25
ORD-1186,Program-E,Delta Avionics,Fasteners,2023-09-23,2023-10-14,2023-10-14,4152.97,1,0,True,False,False,4152.97
ORD-1187,Program-E,Vantage Precision,Avionics,2024-07-23,2024-08-06,2024-08-06,1927.83,10,0,True,False,False,19278.3
ORD-1188,Program-E,Orbital Systems,Electrical,2024-04-14,2024-05-29,2024-05-31,1068.91,50,2,False,False,False,53445.50000000001
ORD-1189,Program-D,Northfield Machining,Uncategorized,2023-03-15,2023-05-14,2023-06-26,3218.01,10,43,False,True,False,32180.100000000002
ORD-1190,Program-F,Orbital Systems,Fasteners,2023-07-09,2023-07-23,2023-07-23,784.3,50,0,True,False,False,39215.0
ORD-1191,Program-B,Delta Avionics,Structural,2024-07-25,2024-08-15,2024-09-05,2300.96,10,21,False,True,False,23009.6
ORD-1192,Program-B,Vantage Precision,Electrical,2023-03-17,2023-05-16,2023-05-14,1049.17,5,-2,True,False,False,5245.85
ORD-1193,Program-E,Aerostar Components,Avionics,2023-04-04,2023-06-03,2023-07-02,3478.5,5,29,False,True,True,17392.5
ORD-1194,Program-C,Northfield Machining,Structural,2023-05-27,2023-06-17,2023-06-27,3854.17,10,10,False,False,False,38541.7
ORD-1195,Program-A,Delta Avionics,Fasteners,2023-12-27,2024-02-25,2024-03-07,577.64,25,11,False,True,False,14441.0
ORD-1196,Program-B,Northfield Machining,Avionics,2023-07-10,2023-07-24,2023-07-25,3922.81,50,1,False,False,False,196140.5
ORD-1197,Program-A,Delta Avionics,Fasteners,2023-08-31,2023-10-15,2023-10-23,4511.81,50,8,False,False,False,225590.50000000003
ORD-1198,Program-A,Delta Avionics,Fasteners,2023-08-14,2023-08-28,2023-08-25,1863.98,50,-3,True,False,False,93199.0
ORD-1199,Program-C,Vantage Precision,Electrical,2023-12-24,2024-01-07,2024-01-09,412.32,10,2,False,False,False,4123.2
ORD-1200,Program-F,Delta Avionics,Avionics,2023-10-06,2023-11-05,2023-11-03,2421.95,50,-2,True,False,False,121097.49999999999
ORD-1201,Program-E,Northfield Machining,Structural,2023-03-31,2023-05-30,2023-05-30,3059.13,100,0,True,False,False,305913.0
ORD-1202,Program-F,Northfield Machining,Avionics,2023-11-09,2024-01-08,2024-01-09,4495.25,1,1,False,False,False,4495.25
ORD-1203,Program-D,Delta Avionics,Electrical,2023-04-29,2023-06-28,2023-06-26,873.34,25,-2,True,False,False,21833.5
ORD-1204,Program-E,Vantage Precision,Avionics,2024-07-11,2024-08-25,2024-08-23,3071.15,5,-2,True,False,False,15355.75
ORD-1205,Program-B,Aerostar Components,Uncategorized,2024-05-08,2024-06-07,2024-06-07,948.12,50,0,True,False,True,47406.0
ORD-1206,Program-A,Northfield Machining,Structural,2024-07-04,2024-08-18,2024-08-20,2783.92,50,2,False,False,False,139196.0
ORD-1207,Program-B,Delta Avionics,Structural,2024-01-18,2024-03-18,2024-03-29,3979.03,5,11,False,True,False,19895.15
ORD-1208,Program-B,Aerostar Components,Fasteners,2024-06-24,2024-07-08,2024-07-09,1545.2,10,1,False,False,True,15452.0
ORD-1209,Program-D,Vantage Precision,Avionics,2024-04-30,2024-05-30,2024-05-27,2148.53,50,-3,True,False,False,107426.50000000001
ORD-1210,Program-A,Delta Avionics,Fasteners,2023-10-11,2023-12-10,2023-12-11,3227.76,25,1,False,False,False,80694.0
ORD-1211,Program-C,Northfield Machining,Structural,2024-01-15,2024-01-29,2024-01-27,1408.97,50,-2,True,False,False,70448.5
ORD-1212,Program-B,Delta Avionics,Electrical,2023-09-25,2023-10-09,2023-10-18,1738.4,100,9,False,False,False,173840.0
ORD-1213,Program-C,Vantage Precision,Avionics,2023-12-14,2024-02-12,2024-02-13,4476.24,10,1,False,False,False,44762.399999999994
ORD-1214,Program-A,Aerostar Components,Structural,2023-08-01,2023-09-15,2023-09-15,2783.92,50,0,True,False,True,139196.0
ORD-1215,Program-D,Delta Avionics,Avionics,2023-06-12,2023-07-03,2023-07-17,2620.45,10,14,False,True,False,26204.5
ORD-1216,Program-F,Delta Avionics,Structural,2023-08-16,2023-08-30,2023-10-06,2352.77,100,37,False,True,False,235277.0
ORD-1217,Program-D,Northfield Machining,Uncategorized,2023-04-16,2023-04-30,2023-04-28,528.55,1,-2,True,False,False,528.55
ORD-1218,Program-D,Aerostar Components,Electrical,2024-08-11,2024-09-10,2024-10-07,643.15,10,27,False,True,True,6431.5
ORD-1219,Program-F,Orbital Systems,Avionics,2024-04-06,2024-04-20,2024-04-27,510.0,100,7,False,False,False,51000.0
ORD-1220,Program-B,Aerostar Components,Avionics,2023-11-01,2023-12-16,2023-12-22,1550.49,5,6,False,False,True,7752.45
ORD-1221,Program-E,Northfield Machining,Electrical,2023-07-27,2023-08-10,2023-08-09,4135.17,100,-1,True,False,False,413517.0
ORD-1222,Program-B,Vantage Precision,Fasteners,2023-04-08,2023-05-08,2023-05-08,4264.55,5,0,True,False,False,21322.75
ORD-1223,Program-D,Aerostar Components,Structural,2024-05-05,2024-06-04,2024-06-16,4346.88,100,12,False,True,True,434688.0
ORD-1224,Program-C,Vantage Precision,Fasteners,2023-07-13,2023-08-12,2023-08-10,1156.89,100,-2,True,False,False,115689.00000000001
ORD-1225,Program-D,Northfield Machining,Avionics,2024-05-08,2024-05-22,2024-05-19,4617.65,100,-3,True,False,False,461764.99999999994
ORD-1226,Program-A,Delta Avionics,Fasteners,2024-05-12,2024-06-26,2024-06-23,4134.74,50,-3,True,False,False,206737.0
ORD-1227,Program-E,Northfield Machining,Structural,2023-01-16,2023-01-30,2023-01-31,2770.17,25,1,False,False,False,69254.25
ORD-1228,Program-E,Delta Avionics,Fasteners,2023-06-16,2023-08-15,2023-08-13,3268.5,10,-2,True,False,False,32685.0
ORD-1229,Program-C,Orbital Systems,Avionics,2023-10-03,2023-10-24,2023-10-22,336.01,1,-2,True,False,False,336.01
ORD-1230,Program-C,Aerostar Components,Structural,2023-03-14,2023-04-13,2023-04-13,2783.92,25,0,True,False,True,69598.0
ORD-1231,Program-A,Orbital Systems,Avionics,2023-07-03,2023-08-17,2023-08-25,2620.45,50,8,False,False,False,131022.49999999999
ORD-1232,Program-D,Delta Avionics,Avionics,2023-08-01,2023-08-31,2023-09-02,925.59,50,2,False,False,False,46279.5
ORD-1233,Program-F,Orbital Systems,Structural,2023-09-07,2023-10-07,2023-10-09,1336.08,5,2,False,False,False,6680.4
ORD-1234,Program-B,Orbital Systems,Structural,2023-01-08,2023-01-29,2023-01-30,4017.61,50,1,False,False,False,200880.5
ORD-1235,Program-D,Aerostar Components,Structural,2023-11-25,2024-01-24,2024-02-02,788.73,100,9,False,False,True,78873.0
ORD-1236,Program-D,Northfield Machining,Electrical,2024-03-18,2024-04-17,2024-04-17,4304.85,5,0,True,False,False,21524.25
ORD-1237,Program-E,Northfield Machining,Fasteners,2024-07-27,2024-08-10,2024-08-21,2534.58,25,11,False,True,False,63364.5
ORD-1238,Program-E,Aerostar Components,Fasteners,2023-01-24,2023-03-10,2023-03-24,3204.15,5,14,False,True,True,16020.75
ORD-1239,Program-C,Delta Avionics,Avionics,2024-01-04,2024-02-18,2024-02-19,793.34,25,1,False,False,False,19833.5
ORD-1240,Program-A,Orbital Systems,Structural,2023-01-23,2023-02-22,2023-02-27,402.72,1,5,False,False,False,402.72
ORD-1241,Program-E,Vantage Precision,Avionics,2023-07-31,2023-09-14,2023-09-13,3323.78,25,-1,True,False,False,83094.5
ORD-1242,Program-C,Delta Avionics,Electrical,2023-11-26,2023-12-17,2023-12-17,4499.56,1,0,True,False,False,4499.56
ORD-1243,Program-A,Northfield Machining,Avionics,2023-01-07,2023-02-21,2023-02-23,392.81,1,2,False,False,False,392.81
ORD-1244,Program-B,Delta Avionics,Fasteners,2023-07-13,2023-08-27,2023-08-25,3029.31,50,-2,True,False,False,151465.5
ORD-1245,Program-D,Northfield Machining,Structural,2023-07-22,2023-08-12,2023-08-09,1911.16,100,-3,True,False,False,191116.0
ORD-1246,Program-D,Northfield Machining,Avionics,2024-07-19,2024-09-02,2024-09-01,4440.28,50,-1,True,False,False,222014.0
ORD-1247,Program-C,Northfield Machining,Fasteners,2024-05-31,2024-06-14,2024-06-12,3198.55,100,-2,True,False,False,319855.0
ORD-1248,Program-E,Delta Avionics,Fasteners,2024-03-13,2024-04-27,2024-04-29,3778.28,1,2,False,False,False,3778.28
ORD-1249,Program-F,Vantage Precision,Structural,2023-04-09,2023-06-08,2023-06-14,4098.04,10,6,False,False,False,40980.4
ORD-1250,Program-D,Orbital Systems,Electrical,2024-03-30,2024-04-13,2024-04-15,2846.86,50,2,False,False,False,142343.0
ORD-1251,Program-F,Vantage Precision,Avionics,2024-04-01,2024-04-22,2024-04-19,3721.47,10,-3,True,False,False,37214.7
ORD-1252,Program-A,Vantage Precision,Structural,2023-08-29,2023-09-19,2023-09-30,2797.67,100,11,False,True,False,279767.0
ORD-1253,Program-C,Delta Avionics,Avionics,2023-08-14,2023-08-28,2023-08-30,4247.84,5,2,False,False,False,21239.2
ORD-1254,Program-F,Vantage Precision,Avionics,2023-05-02,2023-05-23,2023-05-29,1668.31,10,6,False,False,False,16683.1
ORD-1255,Program-F,Delta Avionics,Uncategorized,2023-08-09,2023-10-08,2023-10-06,4436.67,10,-2,True,False,False,44366.7
ORD-1256,Program-B,Orbital Systems,Avionics,2023-01-02,2023-03-03,2023-03-05,1809.69,1,2,False,False,False,1809.69
ORD-1257,Program-E,Vantage Precision,Electrical,2024-06-08,2024-08-07,2024-08-08,2920.92,25,1,False,False,False,73023.0
ORD-1258,Program-D,Delta Avionics,Electrical,2023-12-26,2024-01-25,2024-01-25,1644.43,100,0,True,False,False,164443.0
ORD-1259,Program-C,Delta Avionics,Avionics,2024-03-23,2024-04-13,2024-04-19,2610.48,50,6,False,False,False,130524.0
ORD-1260,Program-D,Delta Avionics,Electrical,2023-09-18,2023-10-09,2023-10-06,3011.22,10,-3,True,False,False,30112.199999999997
ORD-1261,Program-C,Aerostar Components,Fasteners,2024-01-21,2024-02-04,2024-02-04,3938.98,10,0,True,False,True,39389.8
ORD-1262,Program-F,Delta Avionics,Avionics,2024-03-19,2024-04-09,2024-04-06,2849.47,5,-3,True,False,False,14247.349999999999
ORD-1263,Program-B,Delta Avionics,Structural,2023-01-15,2023-03-16,2023-03-29,1528.69,50,13,False,True,False,76434.5
ORD-1264,Program-C,Northfield Machining,Fasteners,2023-05-16,2023-07-15,2023-07-22,2430.48,50,7,False,False,False,121524.0
ORD-1265,Program-B,Orbital Systems,Avionics,2024-01-14,2024-02-04,2024-03-13,3661.07,100,38,False,True,False,366107.0
ORD-1266,Program-A,Delta Avionics,Structural,2023-03-20,2023-04-03,2023-04-13,2386.7,50,10,False,False,False,119334.99999999999
ORD-1267,Program-F,Vantage Precision,Structural,2023-01-22,2023-02-21,2023-02-23,1285.25,100,2,False,False,False,128525.0
ORD-1268,Program-B,Aerostar Components,Avionics,2023-02-09,2023-04-10,2023-04-23,360.13,5,13,False,True,True,1800.65
ORD-1269,Program-C,Aerostar Components,Electrical,2023-07-09,2023-08-08,2023-08-06,2747.0299999999997,10,-2,True,False,True,27470.299999999996
ORD-1270,Program-D,Orbital Systems,Structural,2023-09-09,2023-09-23,2023-09-24,1319.82,10,1,False,False,False,13198.199999999999
ORD-1271,Program-B,Orbital Systems,Avionics,2023-10-06,2023-10-20,2023-11-15,1780.06,1,26,False,True,False,1780.06
ORD-1272,Program-A,Northfield Machining,Avionics,2023-09-08,2023-09-22,2023-10-01,2748.27,50,9,False,False,False,137413.5
ORD-1273,Program-E,Northfield Machining,Electrical,2023-11-22,2023-12-06,2023-12-08,1169.43,5,2,False,False,False,5847.150000000001
ORD-1274,Program-A,Northfield Machining,Structural,2024-07-21,2024-08-04,2024-08-08,4316.84,10,4,False,False,False,43168.4
ORD-1275,Program-E,Delta Avionics,Structural,2024-04-17,2024-06-01,2024-05-31,307.19,1,-1,True,False,False,307.19
ORD-1276,Program-E,Vantage Precision,Electrical,2024-03-31,2024-05-15,2024-05-16,3315.17,25,1,False,False,False,82879.25
ORD-1277,Program-D,Delta Avionics,Structural,2023-09-28,2023-10-19,2023-10-22,184.48,1,3,False,False,False,184.48
ORD-1278,Program-F,Delta Avionics,Fasteners,2023-11-20,2024-01-04,2024-01-13,3301.06,1,9,False,False,False,3301.06
ORD-1279,Program-C,Northfield Machining,Structural,2023-09-22,2023-10-22,2023-10-20,515.48,25,-2,True,False,False,12887.0
ORD-1280,Program-D,Aerostar Components,Avionics,2024-01-16,2024-01-30,2024-02-01,2688.49,5,2,False,False,True,13442.449999999999
ORD-1281,Program-D,Vantage Precision,Avionics,2023-04-10,2023-05-10,2023-05-09,1420.68,100,-1,True,False,False,142068.0
ORD-1282,Program-A,Vantage Precision,Structural,2023-04-21,2023-06-20,2023-07-03,1600.15,100,13,False,True,False,160015.0
ORD-1283,Program-F,Delta Avionics,Structural,2024-06-13,2024-07-28,2024-08-06,4837.28,50,9,False,False,False,241864.0
ORD-1284,Program-E,Orbital Systems,Avionics,2023-07-13,2023-08-27,2023-09-09,853.06,10,13,False,True,False,8530.599999999999
ORD-1285,Program-E,Aerostar Components,Structural,2023-01-18,2023-03-04,2023-03-11,4868.61,25,7,False,False,True,121715.24999999999
ORD-1286,Program-E,Aerostar Components,Fasteners,2023-11-21,2023-12-21,2024-01-01,2382.28,25,11,False,True,True,59557.00000000001
ORD-1287,Program-D,Aerostar Components,Electrical,2023-10-24,2023-11-23,2023-12-05,1259.48,25,12,False,True,True,31487.0
ORD-1288,Program-B,Delta Avionics,Avionics,2023-09-10,2023-10-01,2023-09-29,2620.45,1,-2,True,False,False,2620.45
ORD-1289,Program-F,Aerostar Components,Fasteners,2023-10-10,2023-11-09,2023-11-09,3709.51,5,0,True,False,True,18547.550000000003
ORD-1290,Program-B,Delta Avionics,Avionics,2023-02-11,2023-02-25,2023-02-28,4193.35,10,3,False,False,False,41933.5
ORD-1291,Program-D,Northfield Machining,Electrical,2023-07-03,2023-09-01,2023-09-02,2071.12,25,1,False,False,False,51778.0
ORD-1292,Program-F,Vantage Precision,Fasteners,2024-04-04,2024-05-04,2024-05-02,2534.58,100,-2,True,False,False,253458.0
ORD-1293,Program-C,Delta Avionics,Avionics,2023-03-08,2023-04-22,2023-04-24,1932.98,100,2,False,False,False,193298.0
ORD-1294,Program-F,Delta Avionics,Electrical,2023-01-26,2023-02-16,2023-03-24,4298.79,10,36,False,True,False,42987.9
ORD-1295,Program-F,Delta Avionics,Fasteners,2024-02-24,2024-04-09,2024-04-11,3647.02,10,2,False,False,False,36470.2
ORD-1296,Program-D,Aerostar Components,Structural,2024-06-07,2024-08-06,2024-08-03,1247.37,1,-3,True,False,True,1247.37
ORD-1297,Program-D,Aerostar Components,Fasteners,2023-02-14,2023-02-28,2023-03-02,3014.1,10,2,False,False,True,30141.0
ORD-1298,Program-D,Vantage Precision,Fasteners,2024-02-05,2024-02-19,2024-03-27,2680.02,100,37,False,True,False,268002.0
ORD-1299,Program-A,Delta Avionics,Electrical,2023-06-10,2023-07-01,2023-07-02,2747.0299999999997,25,1,False,False,False,68675.75
ORD-1300,Program-E,Delta Avionics,Electrical,2024-03-18,2024-04-01,2024-04-19,4349.33,5,18,False,True,False,21746.65
ORD-1301,Program-A,Orbital Systems,Avionics,2023-02-19,2023-04-05,2023-04-02,1737.04,25,-3,True,False,False,43426.0
ORD-1302,Program-E,Delta Avionics,Avionics,2024-01-14,2024-02-28,2024-03-04,1225.3,25,5,False,False,False,30632.5
ORD-1303,Program-D,Vantage Precision,Electrical,2023-10-20,2023-12-04,2023-12-20,2390.84,1,16,False,True,False,2390.84
ORD-1304,Program-A,Delta Avionics,Structural,2023-06-02,2023-06-16,2023-06-18,275.96,10,2,False,False,False,2759.6
ORD-1305,Program-D,Northfield Machining,Uncategorized,2023-07-18,2023-08-01,2023-08-03,3073.36,50,2,False,False,False,153668.0
ORD-1306,Program-D,Aerostar Components,Electrical,2023-01-04,2023-01-18,2023-01-17,4227.43,1,-1,True,False,True,4227.43
ORD-1307,Program-B,Orbital Systems,Electrical,2023-05-12,2023-06-02,2023-06-04,1425.22,50,2,False,False,False,71261.0
ORD-1308,Program-A,Aerostar Components,Fasteners,2023-11-15,2023-12-15,2023-12-12,196.86,10,-3,True,False,True,1968.6000000000001
ORD-1309,Program-F,Delta Avionics,Electrical,2024-07-11,2024-09-09,2024-09-09,3662.81,50,0,True,False,False,183140.5
ORD-1310,Program-E,Orbital Systems,Avionics,2023-07-05,2023-09-03,2023-09-17,4114.93,1,14,False,True,False,4114.93
ORD-1311,Program-C,Delta Avionics,Structural,2023-06-04,2023-06-18,2023-06-16,1320.64,25,-2,True,False,False,33016.0
ORD-1312,Program-F,Aerostar Components,Electrical,2023-08-10,2023-09-09,2023-09-09,4506.59,25,0,True,False,True,112664.75
ORD-1313,Program-B,Delta Avionics,Electrical,2024-07-19,2024-09-17,2024-09-21,4445.79,50,4,False,False,False,222289.5
ORD-1314,Program-B,Delta Avionics,Avionics,2024-07-01,2024-07-15,2024-07-14,3633.67,10,-1,True,False,False,36336.7
ORD-1315,Program-E,Northfield Machining,Electrical,2024-05-12,2024-06-02,2024-06-04,2685.84,10,2,False,False,False,26858.4
ORD-1316,Program-A,Orbital Systems,Electrical,2024-06-30,2024-07-14,2024-07-11,3659.41,1,-3,True,False,False,3659.41
ORD-1317,Program-F,Vantage Precision,Electrical,2024-05-26,2024-07-10,2024-07-19,2735.55,100,9,False,False,False,273555.0
ORD-1318,Program-B,Delta Avionics,Electrical,2024-04-24,2024-05-24,2024-05-24,4587.34,10,0,True,False,False,45873.4
ORD-1319,Program-B,Delta Avionics,Avionics,2024-02-28,2024-03-13,2024-03-11,875.96,50,-2,True,False,False,43798.0
ORD-1320,Program-D,Orbital Systems,Fasteners,2023-07-27,2023-09-10,2023-09-08,3246.82,25,-2,True,False,False,81170.5
ORD-1321,Program-C,Delta Avionics,Electrical,2024-04-20,2024-05-20,2024-05-22,4243.34,5,2,False,False,False,21216.7
ORD-1322,Program-D,Vantage Precision,Avionics,2023-03-05,2023-03-19,2023-03-20,1181.01,10,1,False,False,False,11810.1
ORD-1323,Program-C,Delta Avionics,Structural,2023-03-01,2023-03-31,2023-03-29,2007.4,100,-2,True,False,False,200740.0
ORD-1324,Program-C,Orbital Systems,Electrical,2023-06-23,2023-08-22,2023-08-29,4781.8,50,7,False,False,False,239090.0
ORD-1325,Program-C,Delta Avionics,Avionics,2024-05-11,2024-05-25,2024-05-24,4807.62,25,-1,True,False,False,120190.5
ORD-1326,Program-A,Orbital Systems,Uncategorized,2024-04-09,2024-06-08,2024-06-05,2684.67,50,-3,True,False,False,134233.5
ORD-1327,Program-F,Orbital Systems,Fasteners,2023-09-22,2023-10-13,2023-10-18,927.0,50,5,False,False,False,46350.0
ORD-1328,Program-F,Vantage Precision,Structural,2024-05-13,2024-06-27,2024-06-27,2935.77,50,0,True,False,False,146788.5
ORD-1329,Program-C,Orbital Systems,Avionics,2023-10-21,2023-11-20,2023-11-25,4407.56,100,5,False,False,False,440756.00000000006
ORD-1330,Program-A,Northfield Machining,Electrical,2024-03-14,2024-04-28,2024-05-05,2737.97,10,7,False,False,False,27379.699999999997
ORD-1331,Program-C,Orbital Systems,Avionics,2023-08-01,2023-09-15,2023-09-17,3963.02,25,2,False,False,False,99075.5
ORD-1332,Program-E,Aerostar Components,Avionics,2023-10-08,2023-10-29,2023-11-29,4748.11,5,31,False,True,True,23740.55
ORD-1333,Program-D,Vantage Precision,Avionics,2023-10-23,2023-11-13,2023-11-12,1055.95,10,-1,True,False,False,10559.5
ORD-1334,Program-C,Aerostar Components,Electrical,2024-03-11,2024-05-10,2024-06-11,2245.11,25,32,False,True,True,56127.75
ORD-1335,Program-E,Delta Avionics,Structural,2023-03-07,2023-04-21,2023-04-18,4242.5,10,-3,True,False,False,42425.0
ORD-1336,Program-F,Delta Avionics,Electrical,2023-11-03,2024-01-02,2024-02-01,3824.85,100,30,False,True,False,382485.0
ORD-1337,Program-E,Delta Avionics,Avionics,2024-02-20,2024-03-12,2024-03-13,1825.64,5,1,False,False,False,9128.2
ORD-1338,Program-A,Delta Avionics,Structural,2024-07-28,2024-08-27,2024-09-18,4973.51,100,22,False,True,False,497351.0
ORD-1339,Program-C,Aerostar Components,Electrical,2024-01-15,2024-03-15,2024-03-16,4118.54,1,1,False,False,True,4118.54
ORD-1340,Program-A,Vantage Precision,Avionics,2023-03-04,2023-03-18,2023-03-24,2065.18,100,6,False,False,False,206517.99999999997
ORD-1341,Program-C,Delta Avionics,Electrical,2024-01-15,2024-03-15,2024-03-31,80.14,10,16,False,True,False,801.4
ORD-1342,Program-C,Delta Avionics,Structural,2023-02-16,2023-03-09,2023-03-17,298.62,5,8,False,False,False,1493.1
ORD-1343,Program-B,Orbital Systems,Avionics,2023-05-07,2023-05-28,2023-05-30,804.03,10,2,False,False,False,8040.299999999999
ORD-1344,Program-F,Orbital Systems,Avionics,2024-05-20,2024-06-03,2024-06-04,216.66,10,1,False,False,False,2166.6
ORD-1345,Program-E,Delta Avionics,Avionics,2023-03-15,2023-03-29,2023-04-10,2950.03,100,12,False,True,False,295003.0
ORD-1346,Program-D,Vantage Precision,Avionics,2023-05-26,2023-07-10,2023-07-11,4029.59,100,1,False,False,False,402959.0
ORD-1347,Program-F,Vantage Precision,Structural,2024-04-10,2024-05-01,2024-05-03,4415.86,5,2,False,False,False,22079.3
ORD-1348,Program-C,Aerostar Components,Avionics,2023-07-10,2023-07-24,2023-07-22,3589.44,100,-2,True,False,True,358944.0
ORD-1349,Program-F,Aerostar Components,Structural,2024-05-18,2024-06-01,2024-06-01,3717.48,50,0,True,False,True,185874.0
ORD-1350,Program-D,Delta Avionics,Fasteners,2023-03-19,2023-04-02,2023-04-16,2880.46,5,14,False,True,False,14402.3
ORD-1351,Program-C,Orbital Systems,Electrical,2023-08-15,2023-09-29,2023-10-02,3450.75,5,3,False,False,False,17253.75
ORD-1352,Program-E,Aerostar Components,Fasteners,2024-05-21,2024-06-11,2024-06-12,3579.58,50,1,False,False,True,178979.0
ORD-1353,Program-E,Aerostar Components,Structural,2023-03-19,2023-05-03,2023-05-14,571.56,10,11,False,True,True,5715.599999999999
ORD-1354,Program-C,Vantage Precision,Uncategorized,2023-03-04,2023-04-18,2023-04-23,2315.61,5,5,False,False,False,11578.050000000001
ORD-1355,Program-F,Delta Avionics,Electrical,2023-02-01,2023-02-15,2023-02-16,4119.79,5,1,False,False,False,20598.95
ORD-1356,Program-A,Aerostar Components,Fasteners,2024-03-14,2024-03-28,2024-04-06,3058.37,5,9,False,False,True,15291.849999999999
ORD-1357,Program-A,Vantage Precision,Avionics,2023-07-09,2023-08-23,2023-08-23,3580.37,100,0,True,False,False,358037.0
ORD-1358,Program-A,Vantage Precision,Structural,2023-01-26,2023-03-27,2023-03-29,3920.98,50,2,False,False,False,196049.0
ORD-1359,Program-D,Orbital Systems,Avionics,2023-05-26,2023-06-16,2023-06-16,4746.79,10,0,True,False,False,47467.9
ORD-1360,Program-A,Delta Avionics,Electrical,2023-11-15,2023-12-30,2023-12-29,4394.35,5,-1,True,False,False,21971.75
ORD-1361,Program-D,Northfield Machining,Avionics,2023-07-07,2023-08-21,2023-08-18,2630.42,5,-3,True,False,False,13152.1
ORD-1362,Program-D,Delta Avionics,Avionics,2023-02-15,2023-03-01,2023-03-03,2205.76,50,2,False,False,False,110288.00000000001
ORD-1363,Program-A,Aerostar Components,Avionics,2023-05-14,2023-05-28,2023-05-27,3331.89,50,-1,True,False,True,166594.5
ORD-1364,Program-D,Delta Avionics,Structural,2024-06-23,2024-07-07,2024-07-08,2020.13,25,1,False,False,False,50503.25
ORD-1365,Program-C,Orbital Systems,Structural,2023-05-28,2023-07-12,2023-07-12,2395.36,5,0,True,False,False,11976.800000000001
ORD-1366,Program-D,Northfield Machining,Uncategorized,2023-05-24,2023-07-08,2023-07-08,3895.79,1,0,True,False,False,3895.79
ORD-1367,Program-C,Northfield Machining,Structural,2023-03-26,2023-04-16,2023-04-29,2912.58,10,13,False,True,False,29125.8
ORD-1368,Program-E,Orbital Systems,Electrical,2024-06-27,2024-08-11,2024-08-08,1758.7,25,-3,True,False,False,43967.5
ORD-1369,Program-F,Delta Avionics,Electrical,2024-06-18,2024-07-02,2024-07-14,779.15,50,12,False,True,False,38957.5
ORD-1370,Program-D,Vantage Precision,Structural,2023-01-27,2023-02-10,2023-03-23,3817.39,50,41,False,True,False,190869.5
ORD-1371,Program-B,Orbital Systems,Uncategorized,2024-01-08,2024-01-29,2024-01-31,2192.44,100,2,False,False,False,219244.0
ORD-1372,Program-C,Delta Avionics,Fasteners,2023-10-16,2023-12-15,2023-12-12,728.15,10,-3,True,False,False,7281.5
ORD-1373,Program-E,Northfield Machining,Fasteners,2023-05-26,2023-06-09,2023-06-08,2516.27,10,-1,True,False,False,25162.7
ORD-1374,Program-B,Delta Avionics,Avionics,2023-06-05,2023-06-19,2023-07-26,411.75,100,37,False,True,False,41175.0
ORD-1375,Program-B,Northfield Machining,Structural,2024-05-12,2024-07-11,2024-07-27,3506.64,10,16,False,True,False,35066.4
ORD-1376,Program-E,Northfield Machining,Uncategorized,2023-08-24,2023-09-14,2023-09-14,1274.33,1,0,True,False,False,1274.33
ORD-1377,Program-C,Aerostar Components,Structural,2023-12-06,2024-02-04,2024-02-01,4185.27,25,-3,True,False,True,104631.75000000001
ORD-1378,Program-E,Vantage Precision,Fasteners,2023-05-18,2023-06-17,2023-06-15,1642.27,5,-2,True,False,False,8211.35
ORD-1379,Program-C,Delta Avionics,Electrical,2023-01-18,2023-02-17,2023-03-01,4511.85,100,12,False,True,False,451185.00000000006
ORD-1380,Program-C,Northfield Machining,Uncategorized,2023-01-27,2023-03-28,2023-03-27,1992.67,50,-1,True,False,False,99633.5
ORD-1381,Program-F,Delta Avionics,Structural,2023-09-24,2023-10-15,2023-10-13,4962.59,50,-2,True,False,False,248129.5
ORD-1382,Program-D,Orbital Systems,Electrical,2024-01-29,2024-02-19,2024-03-30,4595.28,25,40,False,True,False,114882.0
ORD-1383,Program-B,Delta Avionics,Structural,2023-01-24,2023-02-14,2023-03-22,4340.51,50,36,False,True,False,217025.5
ORD-1384,Program-A,Orbital Systems,Electrical,2024-03-07,2024-04-06,2024-04-06,3805.94,10,0,True,False,False,38059.4
ORD-1385,Program-E,Vantage Precision,Electrical,2024-06-26,2024-07-17,2024-07-24,3827.39,5,7,False,False,False,19136.95
ORD-1386,Program-D,Northfield Machining,Structural,2023-12-21,2024-01-04,2024-01-06,1075.03,1,2,False,False,False,1075.03
ORD-1387,Program-C,Vantage Precision,Structural,2024-06-11,2024-06-25,2024-06-24,4187.34,50,-1,True,False,False,209367.0
ORD-1388,Program-D,Northfield Machining,Avionics,2023-07-31,2023-09-14,2023-09-11,2343.3,50,-3,True,False,False,117165.00000000001
ORD-1389,Program-D,Orbital Systems,Structural,2023-03-18,2023-04-01,2023-03-29,353.59,100,-3,True,False,False,35359.0
ORD-1390,Program-E,Aerostar Components,Uncategorized,2023-05-16,2023-07-15,2023-07-14,4419.54,100,-1,True,False,True,441954.0
ORD-1391,Program-D,Vantage Precision,Electrical,2024-03-15,2024-04-29,2024-05-06,3807.39,5,7,False,False,False,19036.95
ORD-1392,Program-B,Delta Avionics,Electrical,2024-03-03,2024-04-02,2024-03-30,1886.16,10,-3,True,False,False,18861.600000000002
ORD-1393,Program-F,Vantage Precision,Uncategorized,2024-03-28,2024-05-27,2024-05-24,1934.41,5,-3,True,False,False,9672.050000000001
ORD-1394,Program-B,Delta Avionics,Structural,2023-11-07,2023-11-21,2023-12-15,2435.24,1,24,False,True,False,2435.24
ORD-1395,Program-D,Vantage Precision,Avionics,2023-03-19,2023-05-18,2023-05-15,3557.02,10,-3,True,False,False,35570.2
ORD-1396,Program-D,Aerostar Components,Fasteners,2024-05-11,2024-06-10,2024-06-19,669.37,50,9,False,False,True,33468.5
ORD-1397,Program-F,Aerostar Components,Structural,2024-04-29,2024-06-28,2024-06-30,1711.27,25,2,False,False,True,42781.75
ORD-1398,Program-E,Delta Avionics,Structural,2024-04-03,2024-06-02,2024-06-17,1594.32,5,15,False,True,False,7971.599999999999
ORD-1399,Program-D,Vantage Precision,Electrical,2023-01-16,2023-03-02,2023-03-04,3533.31,100,2,False,False,False,353331.0
ORD-1400,Program-B,Orbital Systems,Structural,2023-12-02,2024-01-31,2024-02-11,2783.92,10,11,False,True,False,27839.2
ORD-1401,Program-E,Aerostar Components,Electrical,2023-10-17,2023-12-16,2024-01-29,2785.9,25,44,False,True,True,69647.5
ORD-1402,Program-C,Delta Avionics,Fasteners,2023-04-05,2023-05-20,2023-05-18,4363.5,10,-2,True,False,False,43635.0
ORD-1403,Program-A,Orbital Systems,Structural,2023-07-07,2023-08-06,2023-08-15,4535.13,5,9,False,False,False,22675.65
ORD-1404,Program-D,Vantage Precision,Structural,2023-01-12,2023-03-13,2023-03-12,2087.69,100,-1,True,False,False,208769.0
ORD-1405,Program-A,Orbital Systems,Avionics,2023-08-31,2023-09-30,2023-09-28,2192.2,10,-2,True,False,False,21922.0
ORD-1406,Program-F,Orbital Systems,Structural,2023-05-04,2023-06-18,2023-07-22,3373.82,100,34,False,True,False,337382.0
ORD-1407,Program-C,Delta Avionics,Avionics,2024-08-17,2024-09-07,2024-09-30,4902.83,5,23,False,True,False,24514.15
ORD-1408,Program-F,Orbital Systems,Uncategorized,2023-03-03,2023-03-24,2023-03-26,2799.7,5,2,False,False,False,13998.5
ORD-1409,Program-B,Vantage Precision,Electrical,2023-07-27,2023-09-10,2023-09-09,1066.4,1,-1,True,False,False,1066.4
ORD-1410,Program-C,Northfield Machining,Structural,2024-01-30,2024-02-20,2024-02-19,424.14,100,-1,True,False,False,42414.0
ORD-1411,Program-D,Delta Avionics,Electrical,2024-02-22,2024-03-23,2024-03-21,1373.64,5,-2,True,False,False,6868.200000000001
ORD-1412,Program-F,Delta Avionics,Electrical,2023-12-05,2023-12-19,2023-12-27,1598.89,25,8,False,False,False,39972.25
ORD-1413,Program-C,Vantage Precision,Structural,2023-04-15,2023-05-15,2023-05-13,3080.68,10,-2,True,False,False,30806.8
ORD-1414,Program-F,Delta Avionics,Fasteners,2023-05-02,2023-06-16,2023-06-27,299.92,1,11,False,True,False,299.92
ORD-1415,Program-A,Orbital Systems,Avionics,2023-06-01,2023-07-16,2023-08-09,2025.22,50,24,False,True,False,101261.0
ORD-1416,Program-F,Northfield Machining,Avionics,2023-05-09,2023-05-23,2023-05-22,2196.23,10,-1,True,False,False,21962.3
ORD-1417,Program-D,Delta Avionics,Structural,2024-04-29,2024-06-13,2024-06-10,2220.01,10,-3,True,False,False,22200.100000000002
ORD-1418,Program-D,Aerostar Components,Electrical,2024-02-07,2024-02-28,2024-03-09,3287.27,50,10,False,False,True,164363.5
ORD-1419,Program-D,Aerostar Components,Structural,2023-06-12,2023-07-03,2023-07-04,2152.62,100,1,False,False,True,215262.0
ORD-1420,Program-B,Aerostar Components,Avionics,2023-02-18,2023-03-11,2023-03-16,2492.83,50,5,False,False,True,124641.5
ORD-1421,Program-F,Delta Avionics,Avionics,2024-03-21,2024-04-20,2024-04-19,3865.18,1,-1,True,False,False,3865.18
ORD-1422,Program-A,Orbital Systems,Avionics,2023-11-19,2023-12-03,2023-12-06,4481.96,1,3,False,False,False,4481.96
ORD-1423,Program-B,Delta Avionics,Electrical,2024-01-14,2024-02-13,2024-02-15,2166.63,25,2,False,False,False,54165.75
ORD-1424,Program-B,Vantage Precision,Structural,2024-04-15,2024-05-06,2024-05-14,3936.23,5,8,False,False,False,19681.15
ORD-1425,Program-A,Orbital Systems,Electrical,2023-10-29,2023-12-28,2023-12-28,1089.65,1,0,True,False,False,1089.65
ORD-1426,Program-C,Delta Avionics,Structural,2023-09-03,2023-11-02,2023-11-03,3943.29,25,1,False,False,False,98582.25
ORD-1427,Program-E,Northfield Machining,Fasteners,2024-05-03,2024-06-17,2024-06-17,1481.48,25,0,True,False,False,37037.0
ORD-1428,Program-D,Vantage Precision,Electrical,2023-11-29,2023-12-13,2023-12-11,4151.35,1,-2,True,False,False,4151.35
ORD-1429,Program-E,Delta Avionics,Fasteners,2024-07-25,2024-09-08,2024-09-05,2552.89,1,-3,True,False,False,2552.89
ORD-1430,Program-A,Orbital Systems,Fasteners,2023-02-16,2023-04-17,2023-04-19,2631.92,50,2,False,False,False,131596.0
ORD-1431,Program-B,Aerostar Components,Electrical,2023-10-05,2023-10-19,2023-10-16,843.81,50,-3,True,False,True,42190.5
ORD-1432,Program-E,Delta Avionics,Electrical,2023-10-21,2023-12-20,2023-12-21,3607.76,100,1,False,False,False,360776.0
ORD-1433,Program-D,Northfield Machining,Structural,2023-11-21,2023-12-05,2023-12-03,4414.23,5,-2,True,False,False,22071.149999999998
ORD-1434,Program-B,Vantage Precision,Avionics,2023-03-13,2023-04-03,2023-04-05,876.31,100,2,False,False,False,87631.0
ORD-1435,Program-C,Delta Avionics,Structural,2024-07-29,2024-08-28,2024-08-25,2173.27,10,-3,True,False,False,21732.7
ORD-1436,Program-C,Northfield Machining,Electrical,2024-03-28,2024-05-27,2024-05-26,2756.09,1,-1,True,False,False,2756.09
ORD-1437,Program-B,Orbital Systems,Electrical,2023-03-11,2023-03-25,2023-03-26,1719.17,5,1,False,False,False,8595.85
ORD-1438,Program-A,Orbital Systems,Electrical,2024-06-21,2024-07-12,2024-07-13,3893.62,100,1,False,False,False,389362.0
ORD-1439,Program-A,Delta Avionics,Structural,2023-10-12,2023-12-11,2023-12-09,2783.92,1,-2,True,False,False,2783.92
ORD-1440,Program-F,Vantage Precision,Avionics,2024-03-27,2024-05-26,2024-06-06,2620.45,10,11,False,True,False,26204.5
ORD-1441,Program-F,Aerostar Components,Electrical,2023-11-03,2023-12-03,2023-12-08,116.17,100,5,False,False,True,11617.0
ORD-1442,Program-F,Aerostar Components,Fasteners,2024-06-25,2024-07-16,2024-07-18,2534.58,1,2,False,False,True,2534.58
ORD-1443,Program-D,Vantage Precision,Electrical,2024-08-12,2024-09-02,2024-09-03,4946.63,25,1,False,False,False,123665.75
ORD-1444,Program-E,Delta Avionics,Structural,2023-09-25,2023-10-25,2023-10-24,3547.84,25,-1,True,False,False,88696.0
ORD-1445,Program-C,Vantage Precision,Avionics,2024-01-30,2024-02-29,2024-04-13,1127.45,100,44,False,True,False,112745.0
ORD-1446,Program-A,Aerostar Components,Structural,2024-04-27,2024-06-26,2024-06-23,2926.02,1,-3,True,False,True,2926.02
ORD-1447,Program-B,Northfield Machining,Avionics,2024-03-27,2024-04-17,2024-04-22,3372.23,25,5,False,False,False,84305.75
ORD-1448,Program-E,Delta Avionics,Structural,2023-04-27,2023-06-11,2023-06-09,4545.73,10,-2,True,False,False,45457.299999999996
ORD-1449,Program-E,Northfield Machining,Fasteners,2023-12-14,2024-01-04,2024-01-05,3596.17,100,1,False,False,False,359617.0
ORD-1450,Program-C,Aerostar Components,Structural,2023-05-09,2023-06-23,2023-07-06,980.21,1,13,False,True,True,980.21
ORD-1451,Program-B,Northfield Machining,Structural,2023-09-24,2023-10-15,2023-11-15,1396.13,100,31,False,True,False,139613.0
ORD-1452,Program-A,Delta Avionics,Fasteners,2024-01-17,2024-01-31,2024-01-31,2342.42,100,0,True,False,False,234242.0
ORD-1453,Program-E,Delta Avionics,Avionics,2023-06-08,2023-08-07,2023-08-13,2334.54,100,6,False,False,False,233454.0
ORD-1454,Program-D,Northfield Machining,Avionics,2023-08-10,2023-09-24,2023-09-25,1334.9,100,1,False,False,False,133490.0
ORD-1455,Program-E,Orbital Systems,Fasteners,2024-05-09,2024-06-23,2024-06-21,3929.67,1,-2,True,False,False,3929.67
ORD-1456,Program-F,Delta Avionics,Electrical,2024-03-17,2024-05-16,2024-05-20,3752.62,1,4,False,False,False,3752.62
ORD-1457,Program-F,Orbital Systems,Structural,2023-02-26,2023-04-12,2023-05-25,3753.51,50,43,False,True,False,187675.5
ORD-1458,Program-B,Delta Avionics,Uncategorized,2023-05-25,2023-07-24,2023-07-23,161.01,10,-1,True,False,False,1610.1
ORD-1459,Program-E,Delta Avionics,Electrical,2023-01-09,2023-02-23,2023-02-28,127.93,100,5,False,False,False,12793.0
ORD-1460,Program-B,Aerostar Components,Avionics,2023-01-24,2023-02-23,2023-02-22,3141.84,50,-1,True,False,True,157092.0
ORD-1461,Program-E,Northfield Machining,Electrical,2023-02-11,2023-04-12,2023-04-25,3396.82,50,13,False,True,False,169841.0
ORD-1462,Program-C,Aerostar Components,Structural,2023-12-25,2024-01-24,2024-03-01,3111.71,10,37,False,True,True,31117.1
ORD-1463,Program-E,Delta Avionics,Electrical,2023-10-24,2023-11-07,2023-11-09,2986.13,10,2,False,False,False,29861.300000000003
ORD-1464,Program-C,Orbital Systems,Avionics,2024-02-11,2024-03-03,2024-03-02,878.42,50,-1,True,False,False,43921.0
ORD-1465,Program-A,Delta Avionics,Avionics,2024-01-25,2024-02-15,2024-02-12,2620.45,25,-3,True,False,False,65511.24999999999
ORD-1466,Program-A,Vantage Precision,Structural,2023-12-14,2023-12-28,2024-01-01,144.77,1,4,False,False,False,144.77
ORD-1467,Program-C,Delta Avionics,Electrical,2023-09-30,2023-11-14,2023-12-01,3213.21,5,17,False,True,False,16066.05
ORD-1468,Program-F,Orbital Systems,Structural,2023-12-10,2023-12-31,2024-02-09,3715.8,25,40,False,True,False,92895.0
ORD-1469,Program-C,Delta Avionics,Avionics,2023-02-09,2023-03-02,2023-03-02,4410.82,100,0,True,False,False,441082.0
ORD-1470,Program-F,Delta Avionics,Structural,2024-06-01,2024-07-01,2024-07-11,4428.69,1,10,False,False,False,4428.69
ORD-1471,Program-C,Delta Avionics,Structural,2024-06-22,2024-07-06,2024-07-07,358.85,25,1,False,False,False,8971.25
ORD-1472,Program-D,Orbital Systems,Uncategorized,2024-05-05,2024-05-26,2024-06-28,2781.79,5,33,False,True,False,13908.95
ORD-1473,Program-B,Vantage Precision,Structural,2023-10-12,2023-11-02,2023-10-31,420.36,50,-2,True,False,False,21018.0
ORD-1474,Program-D,Delta Avionics,Uncategorized,2023-04-10,2023-05-25,2023-05-24,1664.96,50,-1,True,False,False,83248.0
ORD-1475,Program-F,Vantage Precision,Fasteners,2023-08-08,2023-09-22,2023-09-28,1092.01,100,6,False,False,False,109201.0
ORD-1476,Program-D,Northfield Machining,Electrical,2024-06-02,2024-06-23,2024-07-06,2838.87,100,13,False,True,False,283887.0
ORD-1477,Program-E,Delta Avionics,Avionics,2023-07-02,2023-08-01,2023-08-01,2464.78,1,0,True,False,False,2464.78
ORD-1478,Program-A,Northfield Machining,Fasteners,2023-02-04,2023-02-25,2023-02-26,1767.96,5,1,False,False,False,8839.8
ORD-1479,Program-C,Vantage Precision,Avionics,2024-06-01,2024-07-31,2024-08-23,4705.08,5,23,False,True,False,23525.4
ORD-1480,Program-C,Orbital Systems,Electrical,2024-03-20,2024-05-04,2024-05-03,3307.51,1,-1,True,False,False,3307.51
ORD-1481,Program-C,Northfield Machining,Structural,2024-02-24,2024-03-25,2024-04-04,1022.28,1,10,False,False,False,1022.28
ORD-1482,Program-A,Orbital Systems,Electrical,2024-03-17,2024-05-01,2024-05-03,1187.64,1,2,False,False,False,1187.64
ORD-1483,Program-E,Delta Avionics,Structural,2023-12-09,2024-01-23,2024-01-22,1132.61,50,-1,True,False,False,56630.49999999999
ORD-1484,Program-F,Northfield Machining,Fasteners,2023-12-29,2024-01-12,2024-01-17,4697.53,10,5,False,False,False,46975.299999999996
ORD-1485,Program-D,Aerostar Components,Avionics,2023-12-10,2024-02-08,2024-02-05,174.92,100,-3,True,False,True,17492.0
ORD-1486,Program-E,Northfield Machining,Electrical,2023-12-20,2024-02-03,2024-02-01,3973.34,25,-2,True,False,False,99333.5
ORD-1487,Program-D,Orbital Systems,Structural,2023-06-09,2023-06-23,2023-06-20,1505.05,5,-3,True,False,False,7525.25
ORD-1488,Program-C,Orbital Systems,Fasteners,2024-01-01,2024-01-31,2024-01-30,2970.24,50,-1,True,False,False,148512.0
ORD-1489,Program-A,Vantage Precision,Avionics,2023-04-03,2023-04-24,2023-04-27,3535.21,50,3,False,False,False,176760.5
ORD-1490,Program-B,Orbital Systems,Avionics,2023-10-13,2023-11-12,2023-11-13,274.99,1,1,False,False,False,274.99
ORD-1491,Program-C,Vantage Precision,Avionics,2023-10-08,2023-11-22,2023-11-22,1428.43,1,0,True,False,False,1428.43
ORD-1492,Program-D,Aerostar Components,Fasteners,2023-04-07,2023-05-07,2023-05-18,1713.23,25,11,False,True,True,42830.75
ORD-1493,Program-A,Orbital Systems,Structural,2023-12-31,2024-01-30,2024-01-27,3073.32,5,-3,True,False,False,15366.6
ORD-1494,Program-F,Delta Avionics,Avionics,2023-03-17,2023-03-31,2023-03-29,3403.1,50,-2,True,False,False,170155.0
ORD-1495,Program-F,Delta Avionics,Structural,2023-01-12,2023-02-11,2023-02-08,1449.87,10,-3,True,False,False,14498.699999999999
ORD-1496,Program-C,Aerostar Components,Electrical,2023-06-26,2023-07-26,2023-07-25,3076.74,10,-1,True,False,True,30767.399999999998
ORD-1497,Program-F,Vantage Precision,Fasteners,2024-07-22,2024-08-21,2024-08-23,1423.45,10,2,False,False,False,14234.5
ORD-1498,Program-D,Northfield Machining,Electrical,2024-02-11,2024-02-25,2024-03-05,2206.44,10,9,False,False,False,22064.4
ORD-1499,Program-B,Vantage Precision,Electrical,2023-02-17,2023-03-19,2023-03-31,1749.76,1,12,False,True,False,1749.76
